{
  "name": "scene3",
  "maxRecursionLevel": 6,
  "antiAliasingFactor": 1,
  "renderRefractions": true,
  "renderReflections": true,
  "camera": {
    "cameraPosition": {
      "x": 0.0,
      "y": 2.0,
      "z": 6.0
    },
    "plainCenter": {
      "x": 0.0,
      "y": 1.800992561958002,
      "z": 4.009925619580022
    },
    "Vup": {
      "x": 0.0,
      "y": 0.9950371902099893,
      "z": -0.09950371902099893
    },
    "Vright": {
      "x": 1.0,
      "y": -0.0,
      "z": 0.0
    },
    "Vtowards": {
      "x": 0.0,
      "y": -0.09950371902099893,
      "z": -0.9950371902099893
    },
    "Rx": 200,
    "Ry": 200,
    "distanceToPlain": 2.0,
    "imageWidth": 3.9999999999999996,
    "imageHeight": 3.9999999999999996,
    "pixelWidth": 0.019999999999999997,
    "viewAngle": 90.0
  },
  "ambient": {
    "x": 1.0,
    "y": 1.0,
    "z": 1.0
  },
  "backgroundColor": {
    "x": 0.0,
    "y": 0.5,
    "z": 1.0
  },
  "lightSources": [
    {
      "CLASSNAME": "edu.cg.scene.lightSources.CutoffSpotlight",
      "DATA": {
        "direction": {
          "x": 0.0,
          "y": -1.0,
          "z": 0.0
        },
        "cutoffAngle": 45.0,
        "position": {
          "x": 4.0,
          "y": 4.0,
          "z": -3.0
        },
        "kq": 0.01,
        "kl": 0.1,
        "kc": 1.0,
        "intensity": {
          "x": 1.0,
          "y": 0.6,
          "z": 0.6
        }
      }
    },
    {
      "CLASSNAME": "edu.cg.scene.lightSources.CutoffSpotlight",
      "DATA": {
        "direction": {
          "x": 0.0,
          "y": -1.0,
          "z": 0.0
        },
        "cutoffAngle": 30.0,
        "position": {
          "x": -4.0,
          "y": 4.0,
          "z": -3.0
        },
        "kq": 0.01,
        "kl": 0.1,
        "kc": 1.0,
        "intensity": {
          "x": 0.6,
          "y": 1.0,
          "z": 0.6
        }
      }
    },
    {
      "CLASSNAME": "edu.cg.scene.lightSources.CutoffSpotlight",
      "DATA": {
        "direction": {
          "x": 0.0,
          "y": -1.0,
          "z": 0.0
        },
        "cutoffAngle": 30.0,
        "position": {
          "x": 0.0,
          "y": 4.0,
          "z": 0.0
        },
        "kq": 0.01,
        "kl": 0.1,
        "kc": 1.0,
        "intensity": {
          "x": 0.6,
          "y": 0.6,
          "z": 1.0
        }
      }
    },
    {
      "CLASSNAME": "edu.cg.scene.lightSources.DirectionalLight",
      "DATA": {
        "direction": {
          "x": 0.7071067811865475,
          "y": -0.7071067811865475,
          "z": 0.0
        },
        "intensity": {
          "x": 0.2,
          "y": 0.2,
          "z": 0.2
        }
      }
    }
  ],
  "surfaces": [
    {
      "shape": {
        "CLASSNAME": "edu.cg.scene.objects.Plain",
        "DATA": {
          "a": 0.0,
          "b": 1.0,
          "c": 0.0,
          "d": 1.0
        }
      },
      "material": {
        "Ka": {
          "x": 0.2,
          "y": 0.2,
          "z": 0.2
        },
        "Kd": {
          "x": 0.4,
          "y": 0.4,
          "z": 0.4
        },
        "Ks": {
          "x": 0.4,
          "y": 0.4,
          "z": 0.4
        },
        "reflectionIntensity": 0.2,
        "shininess": 10,
        "isTransparent": false,
        "refractionIntensity": 0.3,
        "refractionIndex": 1.5
      }
    },
    {
      "shape": {
        "CLASSNAME": "edu.cg.scene.objects.Sphere",
        "DATA": {
          "center": {
            "x": 0.0,
            "y": 0.0,
            "z": -0.0
          },
          "radius": 0.5
        }
      },
      "material": {
        "Ka": {
          "x": 0.060754416224834906,
          "y": 0.07421193005891658,
          "z": 0.11700324131638606
        },
        "Kd": {
          "x": 0.12150883244966981,
          "y": 0.14842386011783315,
          "z": 0.23400648263277213
        },
        "Ks": {
          "x": 1.0,
          "y": 1.0,
          "z": 1.0
        },
        "reflectionIntensity": 0.3176509153615802,
        "shininess": 10,
        "isTransparent": false,
        "refractionIntensity": 0.3,
        "refractionIndex": 1.5
      }
    },
    {
      "shape": {
        "CLASSNAME": "edu.cg.scene.objects.Sphere",
        "DATA": {
          "center": {
            "x": -1.0,
            "y": 0.0,
            "z": -1.0
          },
          "radius": 0.5
        }
      },
      "material": {
        "Ka": {
          "x": 0.1929589986309851,
          "y": 0.22042713983080364,
          "z": 0.4744824203128934
        },
        "Kd": {
          "x": 0.3859179972619702,
          "y": 0.4408542796616073,
          "z": 0.9489648406257868
        },
        "Ks": {
          "x": 0.45555956731782243,
          "y": 0.45555956731782243,
          "z": 0.45555956731782243
        },
        "reflectionIntensity": 1.0,
        "shininess": 10,
        "isTransparent": false,
        "refractionIntensity": 0.3,
        "refractionIndex": 1.5
      }
    },
    {
      "shape": {
        "CLASSNAME": "edu.cg.scene.objects.Sphere",
        "DATA": {
          "center": {
            "x": 0.0,
            "y": 0.0,
            "z": -1.0
          },
          "radius": 0.5
        }
      },
      "material": {
        "Ka": {
          "x": 0.47794524216786866,
          "y": 0.4994809762643925,
          "z": 0.2968426096945416
        },
        "Kd": {
          "x": 0.9558904843357373,
          "y": 0.998961952528785,
          "z": 0.5936852193890833
        },
        "Ks": {
          "x": 1.0,
          "y": 1.0,
          "z": 1.0
        },
        "reflectionIntensity": 0.0,
        "shininess": 10,
        "isTransparent": false,
        "refractionIntensity": 0.3,
        "refractionIndex": 1.5
      }
    },
    {
      "shape": {
        "CLASSNAME": "edu.cg.scene.objects.Sphere",
        "DATA": {
          "center": {
            "x": 1.0,
            "y": 0.0,
            "z": -1.0
          },
          "radius": 0.5
        }
      },
      "material": {
        "Ka": {
          "x": 0.34939856093049526,
          "y": 0.39151124237151513,
          "z": 0.3572986064952858
        },
        "Kd": {
          "x": 0.6987971218609905,
          "y": 0.7830224847430303,
          "z": 0.7145972129905716
        },
        "Ks": {
          "x": 1.0,
          "y": 1.0,
          "z": 1.0
        },
        "reflectionIntensity": 0.6469011500633959,
        "shininess": 10,
        "isTransparent": false,
        "refractionIntensity": 0.3,
        "refractionIndex": 1.5
      }
    },
    {
      "shape": {
        "CLASSNAME": "edu.cg.scene.objects.Sphere",
        "DATA": {
          "center": {
            "x": -2.0,
            "y": 0.0,
            "z": -2.0
          },
          "radius": 0.5
        }
      },
      "material": {
        "Ka": {
          "x": 0.20029951140478564,
          "y": 0.058320224165804235,
          "z": 0.027978650700930086
        },
        "Kd": {
          "x": 0.40059902280957127,
          "y": 0.11664044833160847,
          "z": 0.05595730140186017
        },
        "Ks": {
          "x": 0.9843726857246201,
          "y": 0.9843726857246201,
          "z": 0.9843726857246201
        },
        "reflectionIntensity": 0.557127713794277,
        "shininess": 10,
        "isTransparent": false,
        "refractionIntensity": 0.3,
        "refractionIndex": 1.5
      }
    },
    {
      "shape": {
        "CLASSNAME": "edu.cg.scene.objects.Sphere",
        "DATA": {
          "center": {
            "x": -1.0,
            "y": 0.0,
            "z": -2.0
          },
          "radius": 0.5
        }
      },
      "material": {
        "Ka": {
          "x": 0.3964464564908307,
          "y": 0.0016779273686310936,
          "z": 0.032671454344687656
        },
        "Kd": {
          "x": 0.7928929129816614,
          "y": 0.003355854737262187,
          "z": 0.06534290868937531
        },
        "Ks": {
          "x": 0.6072524421906871,
          "y": 0.6072524421906871,
          "z": 0.6072524421906871
        },
        "reflectionIntensity": 0.0,
        "shininess": 10,
        "isTransparent": true,
        "refractionIntensity": 0.8306082780012698,
        "refractionIndex": 1.4656889607957342
      }
    },
    {
      "shape": {
        "CLASSNAME": "edu.cg.scene.objects.Sphere",
        "DATA": {
          "center": {
            "x": 0.0,
            "y": 0.0,
            "z": -2.0
          },
          "radius": 0.5
        }
      },
      "material": {
        "Ka": {
          "x": 0.005611092909892534,
          "y": 0.06026709248384299,
          "z": 0.23804664888830673
        },
        "Kd": {
          "x": 0.011222185819785069,
          "y": 0.12053418496768598,
          "z": 0.47609329777661347
        },
        "Ks": {
          "x": 1.0,
          "y": 1.0,
          "z": 1.0
        },
        "reflectionIntensity": 0.9478713299449133,
        "shininess": 10,
        "isTransparent": false,
        "refractionIntensity": 0.3,
        "refractionIndex": 1.5
      }
    },
    {
      "shape": {
        "CLASSNAME": "edu.cg.scene.objects.Sphere",
        "DATA": {
          "center": {
            "x": 1.0,
            "y": 0.0,
            "z": -2.0
          },
          "radius": 0.5
        }
      },
      "material": {
        "Ka": {
          "x": 0.31299798180789024,
          "y": 0.08630892249932048,
          "z": 0.13600875734240886
        },
        "Kd": {
          "x": 0.6259959636157805,
          "y": 0.17261784499864097,
          "z": 0.2720175146848177
        },
        "Ks": {
          "x": 1.0,
          "y": 1.0,
          "z": 1.0
        },
        "reflectionIntensity": 0.4194724413363089,
        "shininess": 10,
        "isTransparent": false,
        "refractionIntensity": 0.3,
        "refractionIndex": 1.5
      }
    },
    {
      "shape": {
        "CLASSNAME": "edu.cg.scene.objects.Sphere",
        "DATA": {
          "center": {
            "x": 2.0,
            "y": 0.0,
            "z": -2.0
          },
          "radius": 0.5
        }
      },
      "material": {
        "Ka": {
          "x": 0.1,
          "y": 0.1,
          "z": 0.1
        },
        "Kd": {
          "x": 0.1,
          "y": 0.1,
          "z": 0.1
        },
        "Ks": {
          "x": 0.1,
          "y": 0.1,
          "z": 0.1
        },
        "reflectionIntensity": 0.8,
        "shininess": 15,
        "isTransparent": true,
        "refractionIntensity": 0.2,
        "refractionIndex": 1.5
      }
    },
    {
      "shape": {
        "CLASSNAME": "edu.cg.scene.objects.Sphere",
        "DATA": {
          "center": {
            "x": -3.0,
            "y": 0.0,
            "z": -3.0
          },
          "radius": 0.5
        }
      },
      "material": {
        "Ka": {
          "x": 0.020111400120854495,
          "y": 0.3323696010417326,
          "z": 0.31270984050170486
        },
        "Kd": {
          "x": 0.04022280024170899,
          "y": 0.6647392020834652,
          "z": 0.6254196810034097
        },
        "Ks": {
          "x": 1.0,
          "y": 1.0,
          "z": 1.0
        },
        "reflectionIntensity": 0.0,
        "shininess": 10,
        "isTransparent": true,
        "refractionIntensity": 0.331228706316516,
        "refractionIndex": 1.5311231086939223
      }
    },
    {
      "shape": {
        "CLASSNAME": "edu.cg.scene.objects.Sphere",
        "DATA": {
          "center": {
            "x": -2.0,
            "y": 0.0,
            "z": -3.0
          },
          "radius": 0.5
        }
      },
      "material": {
        "Ka": {
          "x": 0.4352700623305472,
          "y": 0.01455845859059346,
          "z": 0.3345024012101293
        },
        "Kd": {
          "x": 0.8705401246610944,
          "y": 0.02911691718118692,
          "z": 0.6690048024202586
        },
        "Ks": {
          "x": 1.0,
          "y": 1.0,
          "z": 1.0
        },
        "reflectionIntensity": 0.6981148388013518,
        "shininess": 10,
        "isTransparent": false,
        "refractionIntensity": 0.3,
        "refractionIndex": 1.5
      }
    },
    {
      "shape": {
        "CLASSNAME": "edu.cg.scene.objects.Sphere",
        "DATA": {
          "center": {
            "x": -1.0,
            "y": 0.0,
            "z": -3.0
          },
          "radius": 0.5
        }
      },
      "material": {
        "Ka": {
          "x": 0.004826472665552195,
          "y": 0.3986324229543721,
          "z": 0.4097601240570586
        },
        "Kd": {
          "x": 0.00965294533110439,
          "y": 0.7972648459087442,
          "z": 0.8195202481141172
        },
        "Ks": {
          "x": 0.9320515324714261,
          "y": 0.9320515324714261,
          "z": 0.9320515324714261
        },
        "reflectionIntensity": 0.0,
        "shininess": 10,
        "isTransparent": true,
        "refractionIntensity": 1.0,
        "refractionIndex": 2.3255903193933807
      }
    },
    {
      "shape": {
        "CLASSNAME": "edu.cg.scene.objects.Sphere",
        "DATA": {
          "center": {
            "x": 0.0,
            "y": 0.0,
            "z": -3.0
          },
          "radius": 0.5
        }
      },
      "material": {
        "Ka": {
          "x": 0.49744590384967285,
          "y": 0.263018338358771,
          "z": 0.3959703189037311
        },
        "Kd": {
          "x": 0.9948918076993457,
          "y": 0.526036676717542,
          "z": 0.7919406378074622
        },
        "Ks": {
          "x": 0.7925050694692395,
          "y": 0.7925050694692395,
          "z": 0.7925050694692395
        },
        "reflectionIntensity": 0.0,
        "shininess": 10,
        "isTransparent": false,
        "refractionIntensity": 0.3,
        "refractionIndex": 1.5
      }
    },
    {
      "shape": {
        "CLASSNAME": "edu.cg.scene.objects.Sphere",
        "DATA": {
          "center": {
            "x": 1.0,
            "y": 0.0,
            "z": -3.0
          },
          "radius": 0.5
        }
      },
      "material": {
        "Ka": {
          "x": 0.3560437542566962,
          "y": 0.19508111630649672,
          "z": 0.3411493705016872
        },
        "Kd": {
          "x": 0.7120875085133924,
          "y": 0.39016223261299343,
          "z": 0.6822987410033744
        },
        "Ks": {
          "x": 0.45535750254810947,
          "y": 0.45535750254810947,
          "z": 0.45535750254810947
        },
        "reflectionIntensity": 0.0,
        "shininess": 10,
        "isTransparent": false,
        "refractionIntensity": 0.3,
        "refractionIndex": 1.5
      }
    },
    {
      "shape": {
        "CLASSNAME": "edu.cg.scene.objects.Sphere",
        "DATA": {
          "center": {
            "x": 2.0,
            "y": 0.0,
            "z": -3.0
          },
          "radius": 0.5
        }
      },
      "material": {
        "Ka": {
          "x": 0.001966474966952292,
          "y": 0.10312699206039605,
          "z": 0.34706717105242024
        },
        "Kd": {
          "x": 0.003932949933904584,
          "y": 0.2062539841207921,
          "z": 0.6941343421048405
        },
        "Ks": {
          "x": 0.6901858739828991,
          "y": 0.6901858739828991,
          "z": 0.6901858739828991
        },
        "reflectionIntensity": 0.0,
        "shininess": 10,
        "isTransparent": false,
        "refractionIntensity": 0.3,
        "refractionIndex": 1.5
      }
    },
    {
      "shape": {
        "CLASSNAME": "edu.cg.scene.objects.Sphere",
        "DATA": {
          "center": {
            "x": 3.0,
            "y": 0.0,
            "z": -3.0
          },
          "radius": 0.5
        }
      },
      "material": {
        "Ka": {
          "x": 0.0973613442815135,
          "y": 0.09571491297335638,
          "z": 0.1372173941033097
        },
        "Kd": {
          "x": 0.194722688563027,
          "y": 0.19142982594671276,
          "z": 0.2744347882066194
        },
        "Ks": {
          "x": 0.3701402229941745,
          "y": 0.3701402229941745,
          "z": 0.3701402229941745
        },
        "reflectionIntensity": 0.0,
        "shininess": 10,
        "isTransparent": false,
        "refractionIntensity": 0.3,
        "refractionIndex": 1.5
      }
    }
  ]
}