{
  "name": "scene2",
  "maxRecursionLevel": 6,
  "antiAliasingFactor": 1,
  "renderRefractions": true,
  "renderReflections": true,
  "camera": {
    "cameraPosition": {
      "x": 0.0,
      "y": 2.0,
      "z": 6.0
    },
    "plainCenter": {
      "x": 0.0,
      "y": 1.800992561958002,
      "z": 4.009925619580022
    },
    "Vup": {
      "x": 0.0,
      "y": 0.9950371902099893,
      "z": -0.09950371902099893
    },
    "Vright": {
      "x": 1.0,
      "y": -0.0,
      "z": 0.0
    },
    "Vtowards": {
      "x": 0.0,
      "y": -0.09950371902099893,
      "z": -0.9950371902099893
    },
    "Rx": 200,
    "Ry": 200,
    "distanceToPlain": 2.0,
    "imageWidth": 3.9999999999999996,
    "imageHeight": 3.9999999999999996,
    "pixelWidth": 0.019999999999999997,
    "viewAngle": 90.0
  },
  "ambient": {
    "x": 0.4,
    "y": 0.4,
    "z": 0.4
  },
  "backgroundColor": {
    "x": 0.0,
    "y": 0.5,
    "z": 1.0
  },
  "lightSources": [
    {
      "CLASSNAME": "edu.cg.scene.lightSources.DirectionalLight",
      "DATA": {
        "direction": {
          "x": 0.7071067811865475,
          "y": -0.7071067811865475,
          "z": 0.0
        },
        "intensity": {
          "x": 0.7,
          "y": 0.7,
          "z": 0.7
        }
      }
    }
  ],
  "surfaces": [
    {
      "shape": {
        "CLASSNAME": "edu.cg.scene.objects.Plain",
        "DATA": {
          "a": 0.0,
          "b": 1.0,
          "c": 0.0,
          "d": 1.0
        }
      },
      "material": {
        "Ka": {
          "x": 0.2,
          "y": 0.2,
          "z": 0.2
        },
        "Kd": {
          "x": 0.4,
          "y": 0.4,
          "z": 0.4
        },
        "Ks": {
          "x": 0.4,
          "y": 0.4,
          "z": 0.4
        },
        "reflectionIntensity": 0.2,
        "shininess": 10,
        "isTransparent": false,
        "refractionIntensity": 0.3,
        "refractionIndex": 1.5
      }
    },
    {
      "shape": {
        "CLASSNAME": "edu.cg.scene.objects.Sphere",
        "DATA": {
          "center": {
            "x": 0.0,
            "y": 0.0,
            "z": -0.0
          },
          "radius": 0.5
        }
      },
      "material": {
        "Ka": {
          "x": 0.4920049839380056,
          "y": 0.3428867372254221,
          "z": 0.19864164441890975
        },
        "Kd": {
          "x": 0.9840099678760112,
          "y": 0.6857734744508442,
          "z": 0.3972832888378195
        },
        "Ks": {
          "x": 0.6078553352620358,
          "y": 0.6078553352620358,
          "z": 0.6078553352620358
        },
        "reflectionIntensity": 0.0,
        "shininess": 10,
        "isTransparent": true,
        "refractionIntensity": 0.7597351393621852,
        "refractionIndex": 1.3312491174286147
      }
    },
    {
      "shape": {
        "CLASSNAME": "edu.cg.scene.objects.Sphere",
        "DATA": {
          "center": {
            "x": -1.0,
            "y": 0.0,
            "z": -1.0
          },
          "radius": 0.5
        }
      },
      "material": {
        "Ka": {
          "x": 0.30645506606049494,
          "y": 0.18692186888382611,
          "z": 0.33008135496316726
        },
        "Kd": {
          "x": 0.6129101321209899,
          "y": 0.37384373776765223,
          "z": 0.6601627099263345
        },
        "Ks": {
          "x": 0.2849141664443047,
          "y": 0.2849141664443047,
          "z": 0.2849141664443047
        },
        "reflectionIntensity": 0.5960785827612913,
        "shininess": 10,
        "isTransparent": false,
        "refractionIntensity": 0.3,
        "refractionIndex": 1.5
      }
    },
    {
      "shape": {
        "CLASSNAME": "edu.cg.scene.objects.Sphere",
        "DATA": {
          "center": {
            "x": 0.0,
            "y": 0.0,
            "z": -1.0
          },
          "radius": 0.5
        }
      },
      "material": {
        "Ka": {
          "x": 0.4263597418622794,
          "y": 0.4339766529805511,
          "z": 0.46525417189125035
        },
        "Kd": {
          "x": 0.8527194837245587,
          "y": 0.8679533059611022,
          "z": 0.9305083437825007
        },
        "Ks": {
          "x": 0.995392618896039,
          "y": 0.995392618896039,
          "z": 0.995392618896039
        },
        "reflectionIntensity": 0.0,
        "shininess": 10,
        "isTransparent": false,
        "refractionIntensity": 0.3,
        "refractionIndex": 1.5
      }
    },
    {
      "shape": {
        "CLASSNAME": "edu.cg.scene.objects.Sphere",
        "DATA": {
          "center": {
            "x": 1.0,
            "y": 0.0,
            "z": -1.0
          },
          "radius": 0.5
        }
      },
      "material": {
        "Ka": {
          "x": 0.397298142510115,
          "y": 0.1762391026237523,
          "z": 0.30700808735784035
        },
        "Kd": {
          "x": 0.79459628502023,
          "y": 0.3524782052475046,
          "z": 0.6140161747156807
        },
        "Ks": {
          "x": 0.5192467328513575,
          "y": 0.5192467328513575,
          "z": 0.5192467328513575
        },
        "reflectionIntensity": 0.0,
        "shininess": 10,
        "isTransparent": false,
        "refractionIntensity": 0.3,
        "refractionIndex": 1.5
      }
    },
    {
      "shape": {
        "CLASSNAME": "edu.cg.scene.objects.Sphere",
        "DATA": {
          "center": {
            "x": -2.0,
            "y": 0.0,
            "z": -2.0
          },
          "radius": 0.5
        }
      },
      "material": {
        "Ka": {
          "x": 0.4827201981234628,
          "y": 0.31206540611816047,
          "z": 0.22110910085958901
        },
        "Kd": {
          "x": 0.9654403962469256,
          "y": 0.6241308122363209,
          "z": 0.44221820171917803
        },
        "Ks": {
          "x": 1.0,
          "y": 1.0,
          "z": 1.0
        },
        "reflectionIntensity": 0.0,
        "shininess": 10,
        "isTransparent": false,
        "refractionIntensity": 0.3,
        "refractionIndex": 1.5
      }
    },
    {
      "shape": {
        "CLASSNAME": "edu.cg.scene.objects.Sphere",
        "DATA": {
          "center": {
            "x": -1.0,
            "y": 0.0,
            "z": -2.0
          },
          "radius": 0.5
        }
      },
      "material": {
        "Ka": {
          "x": 0.06283320214216659,
          "y": 0.30849186989151334,
          "z": 0.26725817277939157
        },
        "Kd": {
          "x": 0.12566640428433318,
          "y": 0.6169837397830267,
          "z": 0.5345163455587831
        },
        "Ks": {
          "x": 0.443419646597491,
          "y": 0.443419646597491,
          "z": 0.443419646597491
        },
        "reflectionIntensity": 0.0,
        "shininess": 10,
        "isTransparent": false,
        "refractionIntensity": 0.3,
        "refractionIndex": 1.5
      }
    },
    {
      "shape": {
        "CLASSNAME": "edu.cg.scene.objects.Sphere",
        "DATA": {
          "center": {
            "x": 0.0,
            "y": 0.0,
            "z": -2.0
          },
          "radius": 0.5
        }
      },
      "material": {
        "Ka": {
          "x": 0.21502980534754962,
          "y": 0.2409536282245307,
          "z": 0.37241950645700905
        },
        "Kd": {
          "x": 0.43005961069509924,
          "y": 0.4819072564490614,
          "z": 0.7448390129140181
        },
        "Ks": {
          "x": 0.255192414768703,
          "y": 0.255192414768703,
          "z": 0.255192414768703
        },
        "reflectionIntensity": 0.0,
        "shininess": 10,
        "isTransparent": true,
        "refractionIntensity": 0.3306275856220201,
        "refractionIndex": 1.4284380009436446
      }
    },
    {
      "shape": {
        "CLASSNAME": "edu.cg.scene.objects.Sphere",
        "DATA": {
          "center": {
            "x": 1.0,
            "y": 0.0,
            "z": -2.0
          },
          "radius": 0.5
        }
      },
      "material": {
        "Ka": {
          "x": 0.23296521499352074,
          "y": 0.07955656549494855,
          "z": 0.19586652269557214
        },
        "Kd": {
          "x": 0.4659304299870415,
          "y": 0.1591131309898971,
          "z": 0.3917330453911443
        },
        "Ks": {
          "x": 0.8041530824503873,
          "y": 0.8041530824503873,
          "z": 0.8041530824503873
        },
        "reflectionIntensity": 0.0,
        "shininess": 10,
        "isTransparent": false,
        "refractionIntensity": 0.3,
        "refractionIndex": 1.5
      }
    },
    {
      "shape": {
        "CLASSNAME": "edu.cg.scene.objects.Sphere",
        "DATA": {
          "center": {
            "x": 2.0,
            "y": 0.0,
            "z": -2.0
          },
          "radius": 0.5
        }
      },
      "material": {
        "Ka": {
          "x": 0.27681312832466676,
          "y": 0.19324896539139652,
          "z": 0.0569280090958596
        },
        "Kd": {
          "x": 0.5536262566493335,
          "y": 0.38649793078279304,
          "z": 0.1138560181917192
        },
        "Ks": {
          "x": 0.9315971021527973,
          "y": 0.9315971021527973,
          "z": 0.9315971021527973
        },
        "reflectionIntensity": 0.0,
        "shininess": 10,
        "isTransparent": false,
        "refractionIntensity": 0.3,
        "refractionIndex": 1.5
      }
    },
    {
      "shape": {
        "CLASSNAME": "edu.cg.scene.objects.Sphere",
        "DATA": {
          "center": {
            "x": -3.0,
            "y": 0.0,
            "z": -3.0
          },
          "radius": 0.5
        }
      },
      "material": {
        "Ka": {
          "x": 0.3981509305342209,
          "y": 0.42570630085393485,
          "z": 0.31023503932346724
        },
        "Kd": {
          "x": 0.7963018610684418,
          "y": 0.8514126017078697,
          "z": 0.6204700786469345
        },
        "Ks": {
          "x": 0.8151716405993803,
          "y": 0.8151716405993803,
          "z": 0.8151716405993803
        },
        "reflectionIntensity": 0.0,
        "shininess": 10,
        "isTransparent": false,
        "refractionIntensity": 0.3,
        "refractionIndex": 1.5
      }
    },
    {
      "shape": {
        "CLASSNAME": "edu.cg.scene.objects.Sphere",
        "DATA": {
          "center": {
            "x": -2.0,
            "y": 0.0,
            "z": -3.0
          },
          "radius": 0.5
        }
      },
      "material": {
        "Ka": {
          "x": 0.25238759895482754,
          "y": 0.2716941971500331,
          "z": 0.013731678495901511
        },
        "Kd": {
          "x": 0.5047751979096551,
          "y": 0.5433883943000662,
          "z": 0.027463356991803023
        },
        "Ks": {
          "x": 0.6360468688408768,
          "y": 0.6360468688408768,
          "z": 0.6360468688408768
        },
        "reflectionIntensity": 0.0,
        "shininess": 10,
        "isTransparent": false,
        "refractionIntensity": 0.3,
        "refractionIndex": 1.5
      }
    },
    {
      "shape": {
        "CLASSNAME": "edu.cg.scene.objects.Sphere",
        "DATA": {
          "center": {
            "x": -1.0,
            "y": 0.0,
            "z": -3.0
          },
          "radius": 0.5
        }
      },
      "material": {
        "Ka": {
          "x": 0.36575971100039606,
          "y": 0.4658883600006938,
          "z": 0.44516246046498564
        },
        "Kd": {
          "x": 0.7315194220007921,
          "y": 0.9317767200013876,
          "z": 0.8903249209299713
        },
        "Ks": {
          "x": 0.615533576307727,
          "y": 0.615533576307727,
          "z": 0.615533576307727
        },
        "reflectionIntensity": 0.0,
        "shininess": 10,
        "isTransparent": true,
        "refractionIntensity": 0.5808587062730325,
        "refractionIndex": 1.820610153719477
      }
    },
    {
      "shape": {
        "CLASSNAME": "edu.cg.scene.objects.Sphere",
        "DATA": {
          "center": {
            "x": 0.0,
            "y": 0.0,
            "z": -3.0
          },
          "radius": 0.5
        }
      },
      "material": {
        "Ka": {
          "x": 0.0011723109793055908,
          "y": 0.3653691034099378,
          "z": 0.4813044559277062
        },
        "Kd": {
          "x": 0.0023446219586111816,
          "y": 0.7307382068198756,
          "z": 0.9626089118554124
        },
        "Ks": {
          "x": 0.9788781577955022,
          "y": 0.9788781577955022,
          "z": 0.9788781577955022
        },
        "reflectionIntensity": 1.0,
        "shininess": 10,
        "isTransparent": false,
        "refractionIntensity": 0.3,
        "refractionIndex": 1.5
      }
    },
    {
      "shape": {
        "CLASSNAME": "edu.cg.scene.objects.Sphere",
        "DATA": {
          "center": {
            "x": 1.0,
            "y": 0.0,
            "z": -3.0
          },
          "radius": 0.5
        }
      },
      "material": {
        "Ka": {
          "x": 0.0654309613841737,
          "y": 0.24002701761124628,
          "z": 0.14054228402753344
        },
        "Kd": {
          "x": 0.1308619227683474,
          "y": 0.48005403522249257,
          "z": 0.2810845680550669
        },
        "Ks": {
          "x": 0.3675151051987162,
          "y": 0.3675151051987162,
          "z": 0.3675151051987162
        },
        "reflectionIntensity": 0.0,
        "shininess": 10,
        "isTransparent": false,
        "refractionIntensity": 0.3,
        "refractionIndex": 1.5
      }
    },
    {
      "shape": {
        "CLASSNAME": "edu.cg.scene.objects.Sphere",
        "DATA": {
          "center": {
            "x": 2.0,
            "y": 0.0,
            "z": -3.0
          },
          "radius": 0.5
        }
      },
      "material": {
        "Ka": {
          "x": 0.19179037119126374,
          "y": 0.3175571634354898,
          "z": 0.02607246317671802
        },
        "Kd": {
          "x": 0.3835807423825275,
          "y": 0.6351143268709796,
          "z": 0.05214492635343604
        },
        "Ks": {
          "x": 0.3249264005321393,
          "y": 0.3249264005321393,
          "z": 0.3249264005321393
        },
        "reflectionIntensity": 0.0,
        "shininess": 10,
        "isTransparent": false,
        "refractionIntensity": 0.3,
        "refractionIndex": 1.5
      }
    },
    {
      "shape": {
        "CLASSNAME": "edu.cg.scene.objects.Sphere",
        "DATA": {
          "center": {
            "x": 3.0,
            "y": 0.0,
            "z": -3.0
          },
          "radius": 0.5
        }
      },
      "material": {
        "Ka": {
          "x": 0.4685030499997405,
          "y": 0.1639169892767497,
          "z": 0.08376349092621155
        },
        "Kd": {
          "x": 0.937006099999481,
          "y": 0.3278339785534994,
          "z": 0.1675269818524231
        },
        "Ks": {
          "x": 0.7203139888057245,
          "y": 0.7203139888057245,
          "z": 0.7203139888057245
        },
        "reflectionIntensity": 0.0,
        "shininess": 10,
        "isTransparent": false,
        "refractionIntensity": 0.3,
        "refractionIndex": 1.5
      }
    }
  ]
}