{
  "name": "scene7",
  "maxRecursionLevel": 3,
  "antiAliasingFactor": 1,
  "renderRefractions": true,
  "renderReflections": true,
  "camera": {
    "cameraPosition": {
      "x": -3.0,
      "y": 1.0,
      "z": 6.0
    },
    "plainCenter": {
      "x": -3.0,
      "y": 0.8009925619580022,
      "z": 4.009925619580022
    },
    "Vup": {
      "x": 0.0,
      "y": 0.9950371902099893,
      "z": -0.09950371902099893
    },
    "Vright": {
      "x": 1.0,
      "y": -0.0,
      "z": 0.0
    },
    "Vtowards": {
      "x": 0.0,
      "y": -0.09950371902099893,
      "z": -0.9950371902099893
    },
    "Rx": 200,
    "Ry": 200,
    "distanceToPlain": 2.0,
    "imageWidth": 3.9999999999999996,
    "imageHeight": 3.9999999999999996,
    "pixelWidth": 0.019999999999999997,
    "viewAngle": 90.0
  },
  "ambient": {
    "x": 1.0,
    "y": 1.0,
    "z": 1.0
  },
  "backgroundColor": {
    "x": 0.01,
    "y": 0.19,
    "z": 0.22
  },
  "lightSources": [
    {
      "CLASSNAME": "edu.cg.scene.lightSources.DirectionalLight",
      "DATA": {
        "direction": {
          "x": -0.058677075889047664,
          "y": -0.03911805059269844,
          "z": 0.9975102901138102
        },
        "intensity": {
          "x": 0.95,
          "y": 0.84,
          "z": 0.03
        }
      }
    }
  ],
  "surfaces": [
    {
      "shape": {
        "CLASSNAME": "edu.cg.scene.objects.Plain",
        "DATA": {
          "a": 0.0,
          "b": -4.3,
          "c": 0.0,
          "d": -18.49
        }
      },
      "material": {
        "Ka": {
          "x": 0.11,
          "y": 0.09,
          "z": 0.02
        },
        "Kd": {
          "x": 0.4,
          "y": 0.4,
          "z": 0.4
        },
        "Ks": {
          "x": 0.4,
          "y": 0.4,
          "z": 0.4
        },
        "reflectionIntensity": 0.1,
        "shininess": 10,
        "isTransparent": false,
        "refractionIntensity": 0.3,
        "refractionIndex": 1.5
      }
    },
    {
      "shape": {
        "CLASSNAME": "edu.cg.scene.objects.Sphere",
        "DATA": {
          "center": {
            "x": 1.5,
            "y": 0.0,
            "z": -3.5
          },
          "radius": 4.0
        }
      },
      "material": {
        "Ka": {
          "x": 0.1,
          "y": 0.1,
          "z": 0.1
        },
        "Kd": {
          "x": 0.1,
          "y": 0.1,
          "z": 0.1
        },
        "Ks": {
          "x": 0.1,
          "y": 0.1,
          "z": 0.1
        },
        "reflectionIntensity": 0.4,
        "shininess": 9,
        "isTransparent": true,
        "refractionIntensity": 0.8,
        "refractionIndex": 1.35
      }
    },
    {
      "shape": {
        "CLASSNAME": "edu.cg.scene.objects.Dome",
        "DATA": {
          "plain": {
            "a": 0.0,
            "b": 1.0,
            "c": 0.0,
            "d": -3.0
          },
          "sphere": {
            "center": {
              "x": 0.0,
              "y": 3.0,
              "z": -45.0
            },
            "radius": 8.0
          },
          "sphereCenter": {
            "x": 0.0,
            "y": 3.0,
            "z": -45.0
          },
          "sphereRadius": 8.0
        }
      },
      "material": {
        "Ka": {
          "x": 0.95,
          "y": 0.84,
          "z": 0.03
        },
        "Kd": {
          "x": 0.4,
          "y": 0.4,
          "z": 0.4
        },
        "Ks": {
          "x": 0.4,
          "y": 0.4,
          "z": 0.4
        },
        "reflectionIntensity": 0.2,
        "shininess": 10,
        "isTransparent": false,
        "refractionIntensity": 0.3,
        "refractionIndex": 1.5
      }
    }
  ]
}